Product,Keyword candidate,Pakistan monthly volume,Evidence status,Material constraint
The Forest Accord,crepe co ord set pakistan,unknown,Candidate from product facts; volume unverified,Viscose/polyester 65/35; plain weave with highly twisted yarn; western casual wear
The Forest Accord,viscose co ord set pakistan,unknown,Candidate from product facts; volume unverified,Viscose/polyester 65/35; plain weave with highly twisted yarn; western casual wear
The Forest Accord,green co ord set pakistan,unknown,Candidate from product facts; volume unverified,Viscose/polyester 65/35; plain weave with highly twisted yarn; western casual wear
The Forest Accord,casual trouser co ord set,unknown,Candidate from product facts; volume unverified,Viscose/polyester 65/35; plain weave with highly twisted yarn; western casual wear
The Forest Accord,western casual co ord sets,unknown,Candidate from product facts; volume unverified,Viscose/polyester 65/35; plain weave with highly twisted yarn; western casual wear
The Forest Accord,relaxed co ord set women,unknown,Candidate from product facts; volume unverified,Viscose/polyester 65/35; plain weave with highly twisted yarn; western casual wear
The Forest Accord,top and trouser set pakistan,unknown,Candidate from product facts; volume unverified,Viscose/polyester 65/35; plain weave with highly twisted yarn; western casual wear
The Forest Accord,crepe matching set women,unknown,Candidate from product facts; volume unverified,Viscose/polyester 65/35; plain weave with highly twisted yarn; western casual wear
The Ivory Equation,silk co ord set,320,OpenSEO 8 Sep 2026,Silk-spandex blend; satin weave; formal/evening wear. Description also includes a sheer pure-silk stole.
The Ivory Equation,silk co ord sets pakistan,50,OpenSEO 8 Sep 2026,Silk-spandex blend; satin weave; formal/evening wear. Description also includes a sheer pure-silk stole.
The Ivory Equation,satin co ord set pakistan,unknown,Candidate from product facts; volume unverified,Silk-spandex blend; satin weave; formal/evening wear. Description also includes a sheer pure-silk stole.
The Ivory Equation,silk spandex co ord set,unknown,Candidate from product facts; volume unverified,Silk-spandex blend; satin weave; formal/evening wear. Description also includes a sheer pure-silk stole.
The Ivory Equation,formal co ord sets pakistan,unknown,Candidate from product facts; volume unverified,Silk-spandex blend; satin weave; formal/evening wear. Description also includes a sheer pure-silk stole.
The Ivory Equation,evening co ord set women,unknown,Candidate from product facts; volume unverified,Silk-spandex blend; satin weave; formal/evening wear. Description also includes a sheer pure-silk stole.
The Ivory Equation,ivory co ord set,unknown,Candidate from product facts; volume unverified,Silk-spandex blend; satin weave; formal/evening wear. Description also includes a sheer pure-silk stole.
The Ivory Equation,tunic and trouser set pakistan,unknown,Candidate from product facts; volume unverified,Silk-spandex blend; satin weave; formal/evening wear. Description also includes a sheer pure-silk stole.
The Meridian Pale,skirt and top set pakistan,50,OpenSEO 8 Sep 2026,Pure-cotton shirt; skirt construction lists silk/mercerized cotton; silk lining. Do not market the whole outfit as pure cotton or pure silk.
The Meridian Pale,cotton shirt and skirt set,unknown,Candidate from product facts; volume unverified,Pure-cotton shirt; skirt construction lists silk/mercerized cotton; silk lining. Do not market the whole outfit as pure cotton or pure silk.
The Meridian Pale,maxi skirt set pakistan,unknown,Candidate from product facts; volume unverified,Pure-cotton shirt; skirt construction lists silk/mercerized cotton; silk lining. Do not market the whole outfit as pure cotton or pure silk.
The Meridian Pale,silk skirt and top set,unknown,Candidate from product facts; volume unverified,Pure-cotton shirt; skirt construction lists silk/mercerized cotton; silk lining. Do not market the whole outfit as pure cotton or pure silk.
The Meridian Pale,cotton silk co ord set,unknown,Candidate from product facts; volume unverified,Pure-cotton shirt; skirt construction lists silk/mercerized cotton; silk lining. Do not market the whole outfit as pure cotton or pure silk.
The Meridian Pale,shirt and maxi skirt set,unknown,Candidate from product facts; volume unverified,Pure-cotton shirt; skirt construction lists silk/mercerized cotton; silk lining. Do not market the whole outfit as pure cotton or pure silk.
The Meridian Pale,formal skirt set pakistan,unknown,Candidate from product facts; volume unverified,Pure-cotton shirt; skirt construction lists silk/mercerized cotton; silk lining. Do not market the whole outfit as pure cotton or pure silk.
The Meridian Pale,blue shirt ivory skirt set,unknown,Candidate from product facts; volume unverified,Pure-cotton shirt; skirt construction lists silk/mercerized cotton; silk lining. Do not market the whole outfit as pure cotton or pure silk.
The Sage Hour,seersucker co ord set pakistan,unknown,Candidate from product facts; volume unverified,Cotton/viscose 60/40; puckered seersucker; shirt/maxi skirt; smart casual to semi-formal.
The Sage Hour,cotton co ord set pakistan,unknown,Candidate from product facts; volume unverified,Cotton/viscose 60/40; puckered seersucker; shirt/maxi skirt; smart casual to semi-formal.
The Sage Hour,cotton viscose co ord set,unknown,Candidate from product facts; volume unverified,Cotton/viscose 60/40; puckered seersucker; shirt/maxi skirt; smart casual to semi-formal.
The Sage Hour,skirt and top set pakistan,50,OpenSEO 8 Sep 2026,Cotton/viscose 60/40; puckered seersucker; shirt/maxi skirt; smart casual to semi-formal.
The Sage Hour,maxi skirt and shirt set,unknown,Candidate from product facts; volume unverified,Cotton/viscose 60/40; puckered seersucker; shirt/maxi skirt; smart casual to semi-formal.
The Sage Hour,sage green co ord set,unknown,Candidate from product facts; volume unverified,Cotton/viscose 60/40; puckered seersucker; shirt/maxi skirt; smart casual to semi-formal.
The Sage Hour,semi formal co ord sets pakistan,unknown,Candidate from product facts; volume unverified,Cotton/viscose 60/40; puckered seersucker; shirt/maxi skirt; smart casual to semi-formal.
The Sage Hour,textured skirt and top set,unknown,Candidate from product facts; volume unverified,Cotton/viscose 60/40; puckered seersucker; shirt/maxi skirt; smart casual to semi-formal.
The Midnight Arc,cotton skirt and top set,unknown,Candidate from product facts; volume unverified,Cotton-spandex jersey knit top; woven cotton-spandex dobby skirt; western casual wear. Do not call the whole outfit a knitted winter set.
The Midnight Arc,knit top skirt set pakistan,unknown,Candidate from product facts; volume unverified,Cotton-spandex jersey knit top; woven cotton-spandex dobby skirt; western casual wear. Do not call the whole outfit a knitted winter set.
The Midnight Arc,cotton spandex co ord set,unknown,Candidate from product facts; volume unverified,Cotton-spandex jersey knit top; woven cotton-spandex dobby skirt; western casual wear. Do not call the whole outfit a knitted winter set.
The Midnight Arc,black skirt and top set,unknown,Candidate from product facts; volume unverified,Cotton-spandex jersey knit top; woven cotton-spandex dobby skirt; western casual wear. Do not call the whole outfit a knitted winter set.
The Midnight Arc,dobby skirt set,unknown,Candidate from product facts; volume unverified,Cotton-spandex jersey knit top; woven cotton-spandex dobby skirt; western casual wear. Do not call the whole outfit a knitted winter set.
The Midnight Arc,western casual co ord sets,unknown,Candidate from product facts; volume unverified,Cotton-spandex jersey knit top; woven cotton-spandex dobby skirt; western casual wear. Do not call the whole outfit a knitted winter set.
The Midnight Arc,fitted top and skirt set,unknown,Candidate from product facts; volume unverified,Cotton-spandex jersey knit top; woven cotton-spandex dobby skirt; western casual wear. Do not call the whole outfit a knitted winter set.
The Midnight Arc,skirt and top set pakistan,50,OpenSEO 8 Sep 2026,Cotton-spandex jersey knit top; woven cotton-spandex dobby skirt; western casual wear. Do not call the whole outfit a knitted winter set.
